City_ID,City,Country,Date,Lat,Lng,Max Temp,Humidity,Cloudiness,Wind Speed
0,Bireun,ID,2022-01-07 17:22:08,5.203,96.7009,77.31,89,89,4.29
1,Qaanaaq,GL,2022-01-07 17:22:09,77.484,-69.3632,7.59,69,100,5.39
2,Lorengau,PG,2022-01-07 17:22:09,-2.0226,147.2712,81.36,75,100,10.02
3,Cabo San Lucas,MX,2022-01-07 17:18:33,22.8909,-109.9124,75.51,68,0,1.01
4,Hermanus,ZA,2022-01-07 17:22:09,-34.4187,19.2345,83.89,77,46,20.49
5,Port Keats,AU,2022-01-07 17:22:10,-14.25,129.55,83.05,79,46,9.78
6,Albany,US,2022-01-07 17:22:10,42.6001,-73.9662,30.38,77,100,4.0
7,Zabid,YE,2022-01-07 17:22:11,14.1951,43.3152,80.17,67,53,10.22
8,Guerrero Negro,MX,2022-01-07 17:22:11,27.9769,-114.0611,63.03,63,29,1.74
9,Vallenar,CL,2022-01-07 17:22:12,-28.5708,-70.7581,87.1,28,0,9.98
10,Thompson,CA,2022-01-07 17:22:12,55.7435,-97.8558,-16.8,92,93,7.72
11,Gambela,ET,2022-01-07 17:22:12,8.25,34.5833,89.67,35,100,1.66
12,Kapaa,US,2022-01-07 17:19:36,22.0752,-159.319,64.72,94,0,8.05
13,Mar Del Plata,AR,2022-01-07 17:22:13,-38.0023,-57.5575,84.22,86,0,11.01
14,Tiksi,RU,2022-01-07 17:22:13,71.6872,128.8694,-18.54,89,100,4.88
15,Mataura,NZ,2022-01-07 17:22:14,-46.1927,168.8643,44.28,99,83,1.88
16,Hilo,US,2022-01-07 17:22:14,19.7297,-155.09,68.11,81,40,5.75
17,Yellowknife,CA,2022-01-07 17:18:44,62.456,-114.3525,-18.58,94,49,7.16
18,Nanortalik,GL,2022-01-07 17:22:14,60.1432,-45.2371,17.2,68,10,16.06
19,Ossora,RU,2022-01-07 17:22:15,59.2353,163.0719,24.26,95,100,19.62
20,Rikitea,PF,2022-01-07 17:22:15,-23.1203,-134.9692,77.25,76,100,13.27
21,Pemba,MZ,2022-01-07 17:22:16,-12.974,40.5178,84.9,84,75,8.05
22,Honghu,CN,2022-01-07 17:22:16,29.8206,113.4621,44.26,82,100,2.82
23,Basoko,CD,2022-01-07 17:22:16,1.2391,23.616,82.51,53,67,1.88
24,Port Blair,IN,2022-01-07 17:22:17,11.6667,92.75,79.3,77,32,10.8
25,Castro,BR,2022-01-07 17:22:17,-24.7911,-50.0119,69.53,70,99,6.4
26,Inirida,CO,2022-01-07 17:22:17,3.8653,-67.9239,90.18,48,82,3.87
27,Longyearbyen,SJ,2022-01-07 17:22:18,78.2186,15.6401,3.04,72,0,14.97
28,Kinwat,IN,2022-01-07 17:22:18,19.6333,78.2,70.0,46,1,7.05
29,Sao Filipe,CV,2022-01-07 17:22:19,14.8961,-24.4956,74.05,67,49,13.96
30,Leningradskiy,RU,2022-01-07 17:22:19,69.3833,178.4167,-6.84,98,99,3.76
31,Kodiak,US,2022-01-07 17:22:20,57.79,-152.4072,29.71,69,0,19.57
32,Atuona,PF,2022-01-07 17:22:20,-9.8,-139.0333,77.94,74,68,16.93
33,Denpasar,ID,2022-01-07 17:18:26,-8.65,115.2167,74.86,94,75,4.61
34,Monte Alegre,BR,2022-01-07 17:22:20,-2.0078,-54.0692,87.58,58,99,4.41
35,Alice Springs,AU,2022-01-07 17:19:39,-23.7,133.8833,69.35,28,0,5.75
36,Aldan,RU,2022-01-07 17:22:21,58.6031,125.3894,-3.98,99,100,2.68
37,Busselton,AU,2022-01-07 17:22:21,-33.65,115.3333,67.05,64,22,10.78
38,Ponta Do Sol,PT,2022-01-07 17:22:21,32.6667,-17.1,66.7,82,60,7.4
39,Pauini,BR,2022-01-07 17:22:22,-7.7136,-66.9764,84.63,81,93,3.47
40,Tuktoyaktuk,CA,2022-01-07 17:22:22,69.4541,-133.0374,-14.55,94,100,23.0
41,Cherskiy,RU,2022-01-07 17:22:23,68.75,161.3,-8.07,96,100,1.97
42,Altamira,BR,2022-01-07 17:22:23,-3.2033,-52.2064,86.09,74,75,5.75
43,Mackay,AU,2022-01-07 17:22:23,-21.15,149.2,79.72,90,4,3.13
44,Sitka,US,2022-01-07 17:22:24,57.0531,-135.33,17.49,67,40,4.61
45,Labrea,BR,2022-01-07 17:22:25,-7.2586,-64.7981,74.32,98,100,3.29
46,Barrow,US,2022-01-07 17:22:25,71.2906,-156.7887,-11.18,77,0,9.22
47,Severo-Kurilsk,RU,2022-01-07 17:23:26,50.6789,156.125,24.12,74,14,3.18
48,Vaini,TO,2022-01-07 17:23:26,-21.2,-175.2,73.56,100,40,3.44
49,Arraial Do Cabo,BR,2022-01-07 17:23:26,-22.9661,-42.0278,76.96,88,75,11.5
50,Havre-Saint-Pierre,CA,2022-01-07 17:23:27,50.2334,-63.5986,11.68,60,100,10.58
51,Jibuti,DJ,2022-01-07 17:23:27,11.5,42.5,72.63,75,87,17.02
52,Nieuw Amsterdam,SR,2022-01-07 17:23:27,5.8833,-55.0833,85.01,72,40,13.8
53,Boyuibe,BO,2022-01-07 17:23:28,-20.4167,-63.2833,87.71,34,27,4.9
54,Torbay,CA,2022-01-07 17:23:28,47.6666,-52.7314,31.87,76,99,1.01
55,Svetlogorsk,BY,2022-01-07 17:23:29,52.6333,29.7333,28.09,74,10,12.57
56,Bouake,CI,2022-01-07 17:23:29,7.6895,-5.0218,93.88,13,54,3.69
57,Cidreira,BR,2022-01-07 17:23:30,-30.1811,-50.2056,72.9,62,93,14.7
58,Peniche,PT,2022-01-07 17:23:30,39.3558,-9.3811,58.95,80,1,19.66
59,Rio Gallegos,AR,2022-01-07 17:21:37,-51.6226,-69.2181,64.45,34,75,29.93
60,Victoria,HK,2022-01-07 17:19:07,22.2855,114.1577,66.18,85,21,1.01
61,Lianzhou,CN,2022-01-07 17:23:31,24.7811,112.3825,46.06,89,49,3.76
62,Iqaluit,CA,2022-01-07 17:23:31,63.7506,-68.5145,-21.95,91,100,4.0
63,Ust-Maya,RU,2022-01-07 17:23:32,60.4167,134.5333,-36.36,100,92,1.57
64,Pisco,PE,2022-01-07 17:23:32,-13.7,-76.2167,73.02,83,75,9.22
65,Whitehorse,CA,2022-01-07 17:20:03,60.7161,-135.0538,-11.83,99,100,4.68
66,Saryozek,KZ,2022-01-07 17:23:33,44.3583,77.9753,32.94,99,100,2.93
67,Angoche,MZ,2022-01-07 17:23:33,-16.2325,39.9086,81.07,79,96,4.03
68,Saint George,US,2022-01-07 17:23:33,37.1041,-113.5841,58.53,87,0,0.0
69,Kieta,PG,2022-01-07 17:23:34,-6.2167,155.6333,77.92,80,100,2.77
70,Khatanga,RU,2022-01-07 17:23:34,71.9667,102.5,-15.32,98,95,9.28
71,Coahuayana,MX,2022-01-07 17:23:35,18.7333,-103.6833,83.68,47,0,2.3
72,Port Elizabeth,ZA,2022-01-07 17:23:35,-33.918,25.5701,72.1,88,100,13.8
73,Luanda,AO,2022-01-07 17:18:37,-8.8368,13.2343,80.6,78,20,10.36
74,Mayo,US,2022-01-07 17:23:35,38.8876,-76.5119,31.41,56,11,11.99
75,Niquero,CU,2022-01-07 17:23:36,20.0431,-77.5828,83.64,56,0,7.78
76,Kaitangata,NZ,2022-01-07 17:23:36,-46.2817,169.8464,46.27,96,97,2.48
77,Sandakan,MY,2022-01-07 17:23:37,5.8402,118.1179,74.88,100,20,1.14
78,Ouadda,CF,2022-01-07 17:23:37,8.0777,22.4007,81.91,25,14,2.37
79,Luderitz,NA,2022-01-07 17:23:37,-26.6481,15.1594,67.93,74,0,17.47
80,Pochutla,MX,2022-01-07 17:23:38,15.7432,-96.4661,86.83,52,18,5.95
81,Port Alfred,ZA,2022-01-07 17:23:38,-33.5906,26.891,71.17,90,100,20.89
82,Nizwa,OM,2022-01-07 17:23:38,22.9333,57.5333,61.7,39,0,3.83
83,Butaritari,KI,2022-01-07 17:23:39,3.0707,172.7902,80.49,81,88,13.56
84,Ushuaia,AR,2022-01-07 17:21:35,-54.8,-68.3,55.06,44,75,5.75
85,Cape Town,ZA,2022-01-07 17:20:09,-33.9258,18.4232,84.11,50,0,3.0
86,Hervey Bay,AU,2022-01-07 17:23:39,-25.2986,152.8535,80.04,95,46,5.99
87,Norman Wells,CA,2022-01-07 17:23:40,65.282,-126.8329,-5.73,91,100,18.86
88,Nzerekore,GN,2022-01-07 17:23:40,7.7562,-8.8179,92.73,16,53,1.86
89,Henties Bay,NA,2022-01-07 17:23:41,-22.116,14.2845,63.86,83,11,10.33
90,Mitsamiouli,KM,2022-01-07 17:23:41,-11.3847,43.2844,84.49,74,20,9.22
91,Carnarvon,AU,2022-01-07 17:23:42,-24.8667,113.6333,77.07,78,4,18.41
92,Hobart,AU,2022-01-07 17:23:42,-42.8794,147.3294,63.01,94,100,11.5
93,Vilhena,BR,2022-01-07 17:23:43,-12.7406,-60.1458,82.62,78,75,10.36
94,Bethel,US,2022-01-07 17:24:43,41.3712,-73.414,34.03,76,75,4.0
95,Walvis Bay,NA,2022-01-07 17:24:44,-22.9575,14.5053,65.35,68,27,8.05
96,Karratha,AU,2022-01-07 17:24:44,-20.7377,116.8463,84.06,57,100,6.53
97,Turukhansk,RU,2022-01-07 17:24:45,65.8167,87.9833,-12.33,81,100,14.85
98,Tanushimaru,JP,2022-01-07 17:24:45,33.35,130.6833,39.06,71,100,3.18
99,Georgetown,MY,2022-01-07 17:24:45,5.4112,100.3354,81.9,87,20,2.3
100,Mount Isa,AU,2022-01-07 17:24:46,-20.7333,139.5,78.57,18,0,6.91
101,Saskylakh,RU,2022-01-07 17:24:46,71.9167,114.0833,-25.22,99,99,3.0
102,Vila Velha,BR,2022-01-07 17:24:47,-20.3297,-40.2925,80.55,94,100,1.01
103,Sur,OM,2022-01-07 17:24:47,22.5667,59.5289,67.66,42,0,20.27
104,Berdigestyakh,RU,2022-01-07 17:24:47,62.0989,126.6992,-42.2,100,59,1.86
105,Puerto Leguizamo,CO,2022-01-07 17:24:48,-0.1934,-74.7819,94.42,32,55,4.47
106,Kamenka,RU,2022-01-07 17:24:48,51.3223,42.7678,27.75,89,100,19.57
107,Iskateley,RU,2022-01-07 17:24:09,67.6803,53.1512,2.26,90,100,5.48
108,Clyde River,CA,2022-01-07 17:24:48,70.4692,-68.5914,-8.55,81,100,3.69
109,Hurghada,EG,2022-01-07 17:24:49,27.2574,33.8129,68.04,56,0,0.0
110,Punta Arenas,CL,2022-01-07 17:22:27,-53.15,-70.9167,59.02,76,100,10.36
111,Campestre,BR,2022-01-07 17:24:49,-21.7111,-46.2464,73.74,90,100,3.56
112,Mount Gambier,AU,2022-01-07 17:24:50,-37.8333,140.7667,58.91,94,100,11.5
113,Moose Factory,CA,2022-01-07 17:24:50,51.2585,-80.6094,-4.04,85,63,4.99
114,San Cristobal,VE,2022-01-07 17:24:51,7.7669,-72.225,77.18,34,96,6.29
115,Petropavlovsk-Kamchatskiy,RU,2022-01-07 17:23:42,53.0452,158.6483,10.99,79,0,4.47
116,Nikolskoye,RU,2022-01-07 17:24:51,59.7035,30.7861,8.49,93,88,7.65
117,Kavaratti,IN,2022-01-07 17:24:51,10.5669,72.642,80.26,67,2,4.9
118,Uyemskiy,RU,2022-01-07 17:24:52,64.4743,40.8524,3.25,91,75,2.24
119,Ziro,IN,2022-01-07 17:24:52,27.6333,93.8333,38.01,79,30,2.26
120,Ahvaz,IR,2022-01-07 17:23:03,31.3203,48.6693,49.95,81,27,0.0
121,Kabalo,CD,2022-01-07 17:24:53,-6.05,26.9167,74.25,91,55,3.09
122,Airai,TL,2022-01-07 17:24:53,-8.9266,125.4092,60.58,93,95,2.21
123,Tilichiki,RU,2022-01-07 17:24:53,60.4667,166.1,16.65,82,100,8.97
124,Bluff,NZ,2022-01-07 17:24:54,-46.6,168.3333,49.75,92,87,6.13
125,Pangody,RU,2022-01-07 17:24:54,65.85,74.4859,3.85,95,100,23.31
126,Chapais,CA,2022-01-07 17:24:55,49.7834,-74.8492,-1.25,79,100,6.49
127,Dikson,RU,2022-01-07 17:24:55,73.5069,80.5464,-5.96,90,83,18.92
128,Ahipara,NZ,2022-01-07 17:24:55,-35.1667,173.1667,63.16,92,24,6.69
129,Ribeira Grande,PT,2022-01-07 17:24:56,38.5167,-28.7,63.0,55,40,5.75
130,Mahebourg,MU,2022-01-07 17:24:56,-20.4081,57.7,78.26,94,75,4.61
131,Botwood,CA,2022-01-07 17:24:56,49.1499,-55.3482,25.9,56,100,2.01
132,Avera,US,2022-01-07 17:24:57,33.194,-82.5271,47.7,38,28,10.07
133,East London,ZA,2022-01-07 17:20:50,-33.0153,27.9116,70.74,94,100,9.22
134,Harer,ET,2022-01-07 17:24:57,9.3094,42.1258,63.45,68,43,7.29
135,Chokurdakh,RU,2022-01-07 17:24:58,70.6333,147.9167,-12.1,95,92,3.15
136,Kolo,PL,2022-01-07 17:24:58,52.2002,18.6387,32.23,65,100,12.12
137,Riyadh,SA,2022-01-07 17:24:59,24.6877,46.7219,53.74,25,83,6.71
138,Khandyga,RU,2022-01-07 17:24:59,62.6667,135.6,-37.86,100,91,2.04
139,Pangnirtung,CA,2022-01-07 17:25:59,66.1451,-65.7125,-18.54,97,100,3.85
140,Bowen,AU,2022-01-07 17:26:00,-20.0167,148.2333,75.42,83,42,7.76
141,Colac,AU,2022-01-07 17:26:00,-38.3333,143.5833,61.18,93,99,5.95
142,Namatanai,PG,2022-01-07 17:26:00,-3.6667,152.4333,78.06,81,100,3.74
143,Mantua,IT,2022-01-07 17:26:01,45.1667,10.7833,40.28,75,86,2.19
144,Fort-Shevchenko,KZ,2022-01-07 17:26:01,44.5086,50.263,45.21,77,84,8.46
145,Tasiilaq,GL,2022-01-07 17:26:02,65.6145,-37.6368,32.16,96,100,36.51
146,Kutum,SD,2022-01-07 17:26:02,14.2,24.6667,73.83,19,6,8.95
147,Bambous Virieux,MU,2022-01-07 17:26:03,-20.3428,57.7575,78.22,94,75,4.61
148,Jamestown,US,2022-01-07 17:26:03,42.097,-79.2353,21.09,80,100,5.99
149,Loiza,PR,2022-01-07 17:26:03,18.4313,-65.8802,84.2,67,40,18.41
150,New Norfolk,AU,2022-01-07 17:26:04,-42.7826,147.0587,62.65,85,100,1.99
151,Cap Malheureux,MU,2022-01-07 17:26:04,-19.9842,57.6142,78.48,84,100,7.7
152,Kruisfontein,ZA,2022-01-07 17:26:04,-34.0033,24.7314,69.89,92,100,13.8
153,Bahia Honda,CU,2022-01-07 17:26:05,22.9036,-83.1592,80.92,48,0,2.51
154,Zharkent,KZ,2022-01-07 17:26:05,44.1628,80.0,33.4,62,100,3.44
155,Yinchuan,CN,2022-01-07 17:26:05,38.4681,106.2731,27.46,75,100,1.81
156,Newport,GB,2022-01-07 17:26:06,51.5877,-2.9984,39.45,92,94,8.93
157,Ambilobe,MG,2022-01-07 17:26:06,-13.2,49.05,78.3,89,100,2.3
158,Esperance,AU,2022-01-07 17:26:06,-33.8667,121.9,58.84,81,18,15.5
159,Provideniya,RU,2022-01-07 17:26:07,64.3833,-173.3,14.27,77,7,11.77
160,Upernavik,GL,2022-01-07 17:26:07,72.7868,-56.1549,6.78,94,100,3.29
161,Sibolga,ID,2022-01-07 17:26:07,1.7427,98.7792,77.27,88,100,3.24
162,Cacapava Do Sul,BR,2022-01-07 17:26:08,-30.5122,-53.4914,84.58,27,0,10.4
163,Sakakah,SA,2022-01-07 17:26:08,29.9697,40.2064,60.37,34,24,9.75
164,Richards Bay,ZA,2022-01-07 17:26:09,-28.783,32.0377,76.19,79,100,8.39
165,Lagoa,PT,2022-01-07 17:26:09,39.05,-27.9833,58.35,60,66,8.86
166,Tezu,IN,2022-01-07 17:26:10,27.9167,96.1667,62.19,45,65,4.16
167,Ouesso,CG,2022-01-07 17:26:10,1.6136,16.0517,85.15,38,100,1.32
168,Beringovskiy,RU,2022-01-07 17:26:10,63.05,179.3167,5.81,96,100,12.21
169,San Juan,AR,2022-01-07 17:26:11,-31.5375,-68.5364,90.5,21,3,12.84
170,Puerto Ayora,EC,2022-01-07 17:26:11,-0.7393,-90.3518,82.36,73,41,7.27
171,Mehamn,NO,2022-01-07 17:26:12,71.0357,27.8492,24.98,73,40,10.36
172,Port Hardy,CA,2022-01-07 17:26:12,50.6996,-127.4199,33.76,80,81,14.34
173,Inuvik,CA,2022-01-07 17:26:12,68.3499,-133.7218,-14.44,94,100,21.54
174,Yabrud,SY,2022-01-07 17:26:13,33.9674,36.6574,42.46,66,0,2.01
175,Constitucion,CL,2022-01-07 17:26:13,-35.3333,-72.4167,71.56,61,8,10.89
176,Bengkulu,ID,2022-01-07 17:26:13,-3.8004,102.2655,77.63,87,100,3.4
177,Klaksvik,FO,2022-01-07 17:26:14,62.2266,-6.589,36.52,69,46,14.34
178,Hami,CN,2022-01-07 17:26:14,42.8,93.45,25.5,40,10,2.98
179,Coquimbo,CL,2022-01-07 17:26:14,-29.9533,-71.3436,67.73,68,20,14.97
180,Rome,US,2022-01-07 17:26:15,34.257,-85.1647,34.38,68,77,3.0
181,Avarua,CK,2022-01-07 17:25:43,-21.2078,-159.775,75.25,100,20,2.3
182,Tulum,MX,2022-01-07 17:21:16,20.2167,-87.4667,82.92,54,0,7.05
183,Colina,BR,2022-01-07 17:27:15,-20.7133,-48.5408,75.61,83,84,4.63
184,Baiao,BR,2022-01-07 17:27:15,-2.7906,-49.6717,88.41,54,95,4.0
185,Fukue,JP,2022-01-07 17:27:16,32.6881,128.8419,50.83,57,100,5.79
186,Banda Aceh,ID,2022-01-07 17:25:02,5.5577,95.3222,78.76,82,100,8.93
187,Uruzgan,AF,2022-01-07 17:27:16,32.8333,66.0,37.71,62,35,0.45
188,Novoagansk,RU,2022-01-07 17:27:17,61.9449,76.6625,18.1,93,100,21.72
189,Taganak,PH,2022-01-07 17:27:17,6.0833,118.3,75.34,79,13,9.37
190,Ariquemes,BR,2022-01-07 17:26:01,-9.9133,-63.0408,83.86,81,98,5.01
191,Saint-Philippe,RE,2022-01-07 17:27:18,-21.3585,55.7679,78.39,85,100,2.21
192,Beroroha,MG,2022-01-07 17:27:18,-21.6667,45.1667,78.48,74,84,4.09
193,Ilulissat,GL,2022-01-07 17:27:18,69.2167,-51.1,17.62,79,75,4.61
194,Lahad Datu,MY,2022-01-07 17:27:19,5.0268,118.327,74.44,95,22,4.97
195,San Jose,US,2022-01-07 17:27:19,37.3394,-121.895,54.72,84,100,1.01
196,San Patricio,US,2022-01-07 17:27:19,28.017,-97.5169,48.87,58,63,7.99
197,Tual,ID,2022-01-07 17:27:20,-5.6667,132.75,83.28,77,48,12.28
198,The Valley,AI,2022-01-07 17:27:20,18.217,-63.0578,84.06,65,40,16.11
199,Atbasar,KZ,2022-01-07 17:27:20,51.8,68.3333,31.86,95,100,22.26
200,Asmar,AF,2022-01-07 17:27:21,35.0333,71.3581,44.92,96,100,5.12
201,Ostrovnoy,RU,2022-01-07 17:27:21,68.0531,39.5131,22.37,83,100,24.47
202,Williston,US,2022-01-07 17:27:22,48.147,-103.618,10.81,77,100,5.01
203,Nan,TH,2022-01-07 17:27:22,18.8333,100.6667,66.11,68,12,0.18
204,Kirakira,SB,2022-01-07 17:27:22,-10.4544,161.9205,78.13,84,62,6.55
205,Kahului,US,2022-01-07 17:27:23,20.8947,-156.47,71.83,88,0,8.05
206,Necochea,AR,2022-01-07 17:27:23,-38.5473,-58.7368,94.03,23,81,3.71
207,Kardailovo,RU,2022-01-07 17:27:23,51.5386,53.9042,35.28,99,100,17.2
208,Suisun City,US,2022-01-07 17:27:24,38.2382,-122.0402,53.74,89,100,1.99
209,Kyren,RU,2022-01-07 17:27:24,51.6828,102.1408,6.73,97,99,1.86
210,Grindavik,IS,2022-01-07 17:27:24,63.8424,-22.4338,36.07,87,75,18.41
211,Dalbandin,PK,2022-01-07 17:27:25,28.8947,64.4101,48.63,64,26,2.66
212,Swansea,GB,2022-01-07 17:23:59,51.6208,-3.9432,39.83,75,95,3.0
213,Delfzijl,NL,2022-01-07 17:27:25,53.33,6.9181,39.97,90,65,4.0
214,Zaria,NG,2022-01-07 17:27:26,11.1113,7.7227,85.48,20,27,7.56
215,Coruripe,BR,2022-01-07 17:27:26,-10.1256,-36.1756,85.28,65,98,17.6
216,Evinayong,GQ,2022-01-07 17:27:27,1.4368,10.5512,73.54,82,98,2.42
217,Tiarei,PF,2022-01-07 17:23:11,-17.5333,-149.3333,80.62,73,17,3.74
218,Micheweni,TZ,2022-01-07 17:27:27,-4.9667,39.8333,81.97,78,98,14.9
219,Seoul,KR,2022-01-07 17:27:27,37.5683,126.9778,22.44,74,0,1.14
220,Dekar,BW,2022-01-07 17:27:28,-21.5333,21.9333,84.72,38,97,15.84
221,Adana,TR,2022-01-07 17:27:28,36.985,35.2881,57.22,72,20,1.14
222,Codrington,AU,2022-01-07 17:27:29,-38.2667,141.9667,60.33,95,100,11.1
223,Chuy,UY,2022-01-07 17:27:29,-33.6971,-53.4616,78.3,44,57,13.65
224,Hithadhoo,MV,2022-01-07 17:27:30,-0.6,73.0833,82.27,71,100,7.45
225,Magadan,RU,2022-01-07 17:27:30,59.5667,150.8,9.54,77,45,11.43
226,Ribeira Brava,PT,2022-01-07 17:27:30,32.65,-17.0667,66.7,83,56,8.5
227,Antalaha,MG,2022-01-07 17:27:31,-14.9003,50.2788,72.68,96,100,8.28
228,Dukat,RU,2022-01-07 17:27:31,62.55,155.55,-6.2,98,61,3.62
229,Kendari,ID,2022-01-07 17:27:31,-3.945,122.4989,75.29,94,100,4.12
230,Jiayuguan,CN,2022-01-07 17:28:32,39.8167,98.3,24.21,38,100,2.13
231,Tuatapere,NZ,2022-01-07 17:28:32,-46.1333,167.6833,47.7,95,88,2.26
232,Isangel,VU,2022-01-07 17:28:33,-19.55,169.2667,77.36,72,98,8.79
233,Trujillo,PE,2022-01-07 17:23:53,-8.116,-79.03,69.76,88,100,9.22
234,Fortuna,US,2022-01-07 17:28:33,40.5982,-124.1573,51.66,96,75,0.0
235,Dharampur,IN,2022-01-07 17:28:34,20.5333,73.1833,68.05,82,0,3.87
236,Marawi,PH,2022-01-07 17:28:34,7.9986,124.2928,66.65,97,61,1.61
237,Kampot,KH,2022-01-07 17:28:34,10.6167,104.1833,77.05,78,51,2.98
238,Oyama,JP,2022-01-07 17:28:35,36.3,139.8,43.54,50,0,2.19
239,Rawson,AR,2022-01-07 17:28:35,-43.3002,-65.1023,89.49,28,1,6.33
240,Touros,BR,2022-01-07 17:28:35,-5.1989,-35.4608,88.7,61,34,12.62
241,Buchanan,LR,2022-01-07 17:28:36,5.8808,-10.0467,87.76,70,48,11.03
242,Santiago Del Estero,AR,2022-01-07 17:28:36,-27.7951,-64.2615,91.8,16,0,6.2
243,Kudahuvadhoo,MV,2022-01-07 17:28:37,2.6708,72.8944,81.99,77,81,12.57
244,Abulug,PH,2022-01-07 17:28:37,18.4453,121.4533,72.86,88,82,4.18
245,Gat,IL,2022-01-07 17:28:38,31.61,34.7642,60.4,100,0,1.59
246,Sosnovo-Ozerskoye,RU,2022-01-07 17:28:41,52.5249,111.5418,-2.09,98,73,6.69
247,Truro,GB,2022-01-07 17:28:42,50.2653,-5.0544,49.28,76,40,24.16
248,Natal,BR,2022-01-07 17:24:08,-5.795,-35.2094,88.45,66,40,14.97
249,Thunder Bay,CA,2022-01-07 17:28:03,48.4001,-89.3168,-0.71,73,19,2.75
250,Salalah,OM,2022-01-07 17:28:43,17.0151,54.0924,71.69,28,0,9.22
251,Dezful,IR,2022-01-07 17:28:44,32.3811,48.4058,57.15,45,39,2.04
252,Sirjan,IR,2022-01-07 17:28:44,29.452,55.6814,39.38,44,0,4.45
253,Sivaki,RU,2022-01-07 17:28:45,52.6333,126.75,-18.53,100,8,4.03
254,Dingle,PH,2022-01-07 17:28:45,10.9995,122.6711,72.99,91,41,6.26
255,Lahij,YE,2022-01-07 17:28:45,13.1667,44.5833,71.73,77,93,8.77
256,Panaba,MX,2022-01-07 17:28:46,21.2833,-88.2667,83.82,40,0,8.34
257,Pasighat,IN,2022-01-07 17:28:46,28.0667,95.3333,60.48,49,5,4.09
258,Orange Cove,US,2022-01-07 17:28:46,36.6244,-119.3137,56.44,63,17,0.96
259,Dong Hoi,VN,2022-01-07 17:28:47,17.4833,106.6,69.37,89,27,2.48
260,Chumikan,RU,2022-01-07 17:28:47,54.7183,135.315,-10.39,88,97,20.09
261,Alta Floresta,BR,2022-01-07 17:28:47,-9.8756,-56.0861,85.82,70,40,10.36
262,Urumqi,CN,2022-01-07 17:28:48,43.801,87.6005,11.35,85,49,2.24
263,Ancud,CL,2022-01-07 17:28:49,-41.8697,-73.8203,79.23,73,8,9.35
264,Bonoua,CI,2022-01-07 17:28:49,5.2741,-3.595,85.62,64,71,8.41
265,Muli,MV,2022-01-07 17:28:49,2.9167,73.5667,82.17,76,95,11.99
266,Grants,US,2022-01-07 17:28:50,35.1473,-107.8514,34.03,80,0,0.0
267,Asau,RO,2022-01-07 17:28:50,46.4333,26.4,28.96,81,47,1.97
268,Kununurra,AU,2022-01-07 17:28:51,-15.7667,128.7333,75.18,94,91,10.36
269,Muros,ES,2022-01-07 17:28:51,42.7762,-9.0603,55.24,75,33,7.49
270,Scarborough,GB,2022-01-07 17:27:17,54.2797,-0.4044,37.51,84,50,1.99
271,Lazaro Cardenas,MX,2022-01-07 17:25:18,17.9583,-102.2,80.04,61,16,1.74
272,Ewa Beach,US,2022-01-07 17:28:52,21.3156,-158.0072,67.01,91,0,3.0
273,Svetlyy,RU,2022-01-07 17:28:52,54.675,20.1347,30.25,77,100,15.77
274,Areosa,PT,2022-01-07 17:28:53,41.7178,-8.8571,55.33,71,1,13.29
275,Kailua,US,2022-01-07 17:28:53,21.4022,-157.7394,67.06,96,9,4.88
276,Arroyo,ES,2022-01-07 17:28:54,41.6096,-4.7969,47.07,73,20,3.44
277,Porto Belo,BR,2022-01-07 17:29:54,-27.1578,-48.5531,81.16,66,94,15.03
278,Sinnamary,GF,2022-01-07 17:29:54,5.3833,-52.95,77.95,81,100,13.44
279,Andapa,MG,2022-01-07 17:29:55,-14.65,49.65,70.66,100,100,0.63
280,Mont-Joli,CA,2022-01-07 17:29:55,48.5839,-68.1921,19.6,91,100,11.52
281,Saldanha,ZA,2022-01-07 17:29:56,-33.0117,17.9442,86.05,77,37,7.4
282,Boyolangu,ID,2022-01-07 17:29:56,-8.1181,111.8935,74.91,85,76,2.95
283,Kinsale,IE,2022-01-07 17:29:56,51.7075,-8.5306,45.77,87,75,9.22
284,Dagana,MR,2022-01-07 17:29:57,16.5165,-15.5068,88.81,9,21,8.59
285,College,US,2022-01-07 17:29:02,64.8569,-147.8028,-24.02,69,0,0.0
286,Hasaki,JP,2022-01-07 17:29:57,35.7333,140.8333,30.6,50,59,4.14
287,Tarrafal,CV,2022-01-07 17:29:58,15.2833,-23.7667,77.79,67,74,16.17
288,Dondo,MZ,2022-01-07 17:29:58,-19.6094,34.7431,81.91,75,90,9.71
289,Port Hedland,AU,2022-01-07 17:29:58,-20.3167,118.5667,84.25,89,79,3.44
290,General Roca,AR,2022-01-07 17:29:59,-39.0333,-67.5833,96.62,20,0,11.01
291,Batagay-Alyta,RU,2022-01-07 17:29:59,67.8006,130.4114,-19.46,77,97,3.53
292,Caravelas,BR,2022-01-07 17:29:59,-17.7125,-39.2481,88.9,55,98,10.18
293,Laguna,US,2022-01-07 17:30:01,38.421,-121.4238,53.65,95,100,1.01
294,Horta,PT,2022-01-07 17:30:02,38.5333,-28.6333,62.24,55,40,5.75
295,Fairbanks,US,2022-01-07 17:27:37,64.8378,-147.7164,-24.02,69,0,0.0
296,Rawlins,US,2022-01-07 17:30:03,41.7911,-107.2387,41.43,60,0,21.85
297,Marsa Matruh,EG,2022-01-07 17:30:04,31.3525,27.2453,57.4,72,0,4.61
298,Xinqing,CN,2022-01-07 17:30:05,48.2333,129.5,-5.08,99,100,2.91
299,Calabozo,VE,2022-01-07 17:30:05,8.9242,-67.4293,94.59,28,30,8.08
300,Pacific Grove,US,2022-01-07 17:29:56,36.6177,-121.9166,53.58,92,91,1.99
301,Puerto Escondido,MX,2022-01-07 17:30:06,15.85,-97.0667,83.53,63,51,7.67
302,De-Kastri,RU,2022-01-07 17:30:07,51.4667,140.7833,-6.47,94,100,7.36
303,Terpsithea,GR,2022-01-07 17:30:08,39.6167,22.3667,51.75,72,75,5.75
304,Tomohon,ID,2022-01-07 17:30:09,1.3346,124.8392,65.34,92,99,0.56
305,Talnakh,RU,2022-01-07 17:30:09,69.4865,88.3972,-7.8,90,100,13.38
306,Te Anau,NZ,2022-01-07 17:30:10,-45.4167,167.7167,49.69,92,83,0.56
307,Sosnovka,RU,2022-01-07 17:30:10,56.255,51.2842,23.72,98,100,3.67
308,Labytnangi,RU,2022-01-07 17:30:10,66.6572,66.4183,-2.42,98,100,8.01
309,Angermunde,DE,2022-01-07 17:30:11,53.015,13.9992,36.32,97,99,9.35
310,Bredasdorp,ZA,2022-01-07 17:30:11,-34.5322,20.0403,71.28,88,96,16.11
311,Canmore,CA,2022-01-07 17:29:52,51.0834,-115.3521,-7.44,95,87,5.28
312,Katsina,NG,2022-01-07 17:30:12,12.9894,7.6006,78.55,20,33,6.6
313,Fresnillo,MX,2022-01-07 17:30:12,23.1667,-102.8833,65.84,16,14,12.41
314,Flin Flon,CA,2022-01-07 17:30:12,54.7682,-101.865,-15.86,90,69,5.37
315,Ginda,IN,2022-01-07 17:30:13,30.6945,78.4932,43.68,36,52,5.88
316,Chino Valley,US,2022-01-07 17:30:13,34.7575,-112.4538,58.78,60,0,0.0
317,Tubuala,PA,2022-01-07 17:30:13,9.5167,-79.0333,89.56,72,87,13.47
318,Tacuarembo,UY,2022-01-07 17:30:14,-31.7333,-55.9833,90.45,20,0,11.03
319,Pilar,BR,2022-01-07 17:30:14,-9.5972,-35.9567,87.73,53,96,12.93
320,Lima,PE,2022-01-07 17:28:08,-12.0432,-77.0282,75.38,70,20,1.99
321,Dangriga,BZ,2022-01-07 17:30:15,16.9692,-88.2321,84.16,75,29,10.07
322,San Felipe,VE,2022-01-07 17:30:15,10.3399,-68.7425,87.49,42,54,7.58
323,Phonhong,LA,2022-01-07 17:31:16,18.5007,102.4166,66.76,75,27,2.42
324,Myitkyina,MM,2022-01-07 17:31:16,25.3833,97.4,57.58,68,4,2.26
325,Lompoc,US,2022-01-07 17:31:17,34.6391,-120.4579,54.32,90,100,0.0
326,Ulladulla,AU,2022-01-07 17:31:18,-35.35,150.4667,68.77,92,100,3.67
327,Kavieng,PG,2022-01-07 17:31:18,-2.5744,150.7967,81.86,73,100,7.45
328,Yulara,AU,2022-01-07 17:31:19,-25.2406,130.9889,76.84,22,0,9.22
329,Najran,SA,2022-01-07 17:31:19,17.4924,44.1277,61.45,36,35,4.59
330,Velizh,RU,2022-01-07 17:31:20,55.6056,31.1967,23.07,82,95,11.07
331,Egvekinot,RU,2022-01-07 17:31:20,66.3167,-179.1667,1.15,90,53,10.33
332,Zhangye,CN,2022-01-07 17:31:20,38.9342,100.4517,25.03,42,100,3.71
333,Belmonte,BR,2022-01-07 17:31:20,-15.8631,-38.8828,86.0,72,100,12.37
334,Viedma,AR,2022-01-07 17:31:21,-40.8135,-62.9967,97.56,13,20,4.88
335,Kokkola,FI,2022-01-07 17:31:21,63.8385,23.1307,15.96,92,20,3.44
336,Asifabad,IN,2022-01-07 17:31:21,19.3667,79.2833,68.54,56,1,3.98
337,Narsaq,GL,2022-01-07 17:31:22,60.9167,-46.05,12.42,78,11,4.18
338,Timmins,CA,2022-01-07 17:28:35,48.4669,-81.3331,-5.35,88,78,4.81
339,Bitung,ID,2022-01-07 17:31:22,1.4451,125.1824,74.25,86,99,7.54
340,Mubende,UG,2022-01-07 17:31:23,0.5606,31.39,65.53,78,59,2.91
341,Katsuura,JP,2022-01-07 17:29:54,35.1333,140.3,41.18,50,22,9.73
342,Sao Caetano De Odivelas,BR,2022-01-07 17:31:23,-0.75,-48.02,79.88,91,99,7.07
343,Bukoba,TZ,2022-01-07 17:31:23,-1.3317,31.8122,70.11,70,34,4.56
344,Cockburn Town,TC,2022-01-07 17:31:24,21.4612,-71.1419,78.46,68,1,14.18
345,Beloha,MG,2022-01-07 17:31:24,-25.1667,45.05,73.94,84,91,14.81
346,Inhambane,MZ,2022-01-07 17:31:25,-23.865,35.3833,80.58,74,20,16.11
347,Imbituba,BR,2022-01-07 17:31:25,-28.24,-48.6703,76.89,63,84,9.31
348,Husavik,IS,2022-01-07 17:31:25,66.0449,-17.3389,28.31,72,2,15.66
349,Tura,IN,2022-01-07 17:31:26,25.5198,90.2201,60.31,54,0,3.04
350,Los Llanos De Aridane,ES,2022-01-07 17:31:26,28.6585,-17.9182,64.13,73,75,15.01
351,Umm Kaddadah,SD,2022-01-07 17:31:27,13.6017,26.6876,72.95,14,8,12.5
352,Pevek,RU,2022-01-07 17:31:27,69.7008,170.3133,-9.2,96,100,4.21
353,Seabra,BR,2022-01-07 17:31:27,-12.4186,-41.7703,78.12,74,99,5.39
354,Mazatlan,MX,2022-01-07 17:28:37,23.2167,-106.4167,73.9,82,0,1.01
355,Malangwa,NP,2022-01-07 17:31:28,26.8568,85.5581,63.14,69,99,3.53
356,Chingirlau,KZ,2022-01-07 17:31:28,51.095,54.0814,35.56,100,100,16.55
357,Solnechnyy,RU,2022-01-07 17:31:29,50.7214,136.6319,-17.72,99,44,2.42
358,Madimba,TZ,2022-01-07 17:31:29,-10.4,40.3333,81.27,83,97,10.87
359,Kiama,AU,2022-01-07 17:31:30,-34.6833,150.8667,68.38,95,100,8.16
360,Jambi,ID,2022-01-07 17:28:12,-1.6,103.6167,75.34,93,80,2.37
361,Okhotsk,RU,2022-01-07 17:31:30,59.3833,143.3,9.25,74,100,12.55
362,Buriti Bravo,BR,2022-01-07 17:31:30,-5.8372,-43.8336,83.98,71,92,3.36
363,Vestmanna,FO,2022-01-07 17:31:31,62.1564,-7.1664,34.72,87,100,1.14
364,Ahja,EE,2022-01-07 17:31:31,58.2091,27.0734,21.87,90,41,7.99
365,Alofi,NU,2022-01-07 17:31:31,-19.0595,-169.9187,71.49,94,89,1.14
366,Kedrovyy,RU,2022-01-07 17:31:32,56.1667,91.8167,-12.14,100,73,4.23
367,Maumere,ID,2022-01-07 17:31:32,-8.6199,122.2111,79.41,83,97,5.06
368,Yerbogachen,RU,2022-01-07 17:31:32,61.2767,108.0108,-21.14,100,93,3.78
369,Eldama Ravine,KE,2022-01-07 17:31:33,0.0516,35.7308,58.57,70,74,3.11
370,Arua,UG,2022-01-07 17:31:33,3.0201,30.9111,75.67,40,96,4.29
371,Broome,US,2022-01-07 17:31:34,42.2506,-75.833,28.62,67,100,5.99
372,Obo,CF,2022-01-07 17:31:34,5.3998,26.4869,85.39,27,94,3.85
373,Stornoway,GB,2022-01-07 17:32:35,58.2093,-6.3865,33.76,88,20,1.01
374,Adrar,MR,2022-01-07 17:32:35,20.5022,-10.0711,68.88,14,51,7.72
375,Asosa,ET,2022-01-07 17:32:35,10.0667,34.5333,70.05,33,94,3.42
376,Griffith,US,2022-01-07 17:32:36,41.5284,-87.4237,13.95,67,0,1.01
377,Tazmalt,DZ,2022-01-07 17:32:36,36.3868,4.3989,42.44,82,60,6.67
378,Acapulco,MX,2022-01-07 17:27:57,16.8634,-99.8901,82.22,69,40,4.61
379,Norsup,VU,2022-01-07 17:32:37,-16.0667,167.3833,79.77,82,100,5.68
380,Mbandaka,CD,2022-01-07 17:32:37,0.0487,18.2603,81.3,54,35,2.37
381,Horki,BY,2022-01-07 17:32:37,54.2861,30.9842,21.79,82,32,13.27
382,Taltal,CL,2022-01-07 17:32:38,-25.4,-70.4833,71.11,67,11,7.27
383,Dosso,NE,2022-01-07 17:32:38,13.049,3.1937,79.72,18,12,8.77
384,Gayeri,BF,2022-01-07 17:32:39,12.6497,0.4931,81.43,16,42,7.76
385,Xinzhou,CN,2022-01-07 17:32:39,38.4092,112.7333,27.55,65,2,1.34
386,Catanzaro,IT,2022-01-07 17:31:56,38.8908,16.5987,53.96,80,100,6.51
387,North Vernon,US,2022-01-07 17:29:00,39.0062,-85.6236,16.14,72,54,8.03
388,Vagur,FO,2022-01-07 17:32:40,61.4732,-6.8119,42.26,64,11,12.26
389,Wanning,CN,2022-01-07 17:32:40,18.8003,110.3967,69.19,88,94,10.0
390,Khani,GE,2022-01-07 17:32:40,41.9563,42.9566,36.97,81,100,3.85
391,Honiara,SB,2022-01-07 17:32:41,-9.4333,159.95,77.56,83,93,5.46
392,Poya,NC,2022-01-07 17:32:41,-21.35,165.15,75.24,88,76,4.16
393,Gornopravdinsk,RU,2022-01-07 17:32:42,60.05,69.9,26.28,95,100,7.74
394,Faanui,PF,2022-01-07 17:32:42,-16.4833,-151.75,81.0,79,61,14.97
395,Berlevag,NO,2022-01-07 17:32:42,70.8578,29.0864,17.55,73,0,6.91
396,Hamilton,US,2022-01-07 17:28:44,39.1834,-84.5333,19.36,72,100,4.0
397,Samarai,PG,2022-01-07 17:32:43,-10.6167,150.6667,79.72,81,100,10.36
398,Sioux Lookout,CA,2022-01-07 17:32:43,50.1001,-91.917,-6.72,88,93,5.26
399,Port Antonio,JM,2022-01-07 17:32:44,18.18,-76.4612,84.11,72,22,7.05
400,Amapa,BR,2022-01-07 17:32:44,1.0,-52.0,78.42,96,95,4.5
401,Nome,US,2022-01-07 17:32:45,64.5011,-165.4064,21.27,42,0,5.75
402,Salinopolis,BR,2022-01-07 17:32:45,-0.6136,-47.3561,79.43,88,96,9.53
403,Vostok,RU,2022-01-07 17:32:45,46.4856,135.8833,-2.52,98,99,3.69
404,Kangaatsiaq,GL,2022-01-07 17:32:46,68.3065,-53.4641,9.43,92,100,3.89
405,Zhangjiakou,CN,2022-01-07 17:32:46,40.81,114.8794,23.94,75,1,5.88
406,Geraldton,AU,2022-01-07 17:31:15,-28.7667,114.6,72.01,88,0,11.5
407,Mogadishu,SO,2022-01-07 17:31:57,2.0371,45.3438,78.28,84,24,22.95
408,Patacamaya,BO,2022-01-07 17:32:47,-17.2333,-67.9167,61.3,38,41,9.84
409,Lubsko,PL,2022-01-07 17:32:47,51.7847,14.972,34.03,86,100,10.51
410,Valcourt,CA,2022-01-07 17:32:48,45.5001,-72.3158,23.81,90,100,7.2
411,Linhares,BR,2022-01-07 17:31:10,-19.3911,-40.0722,76.35,89,100,4.68
412,Ternate,ID,2022-01-07 17:29:17,0.8,127.4,79.56,84,100,6.96
413,Deputatskiy,RU,2022-01-07 17:32:48,69.3,139.9,-22.54,96,98,1.23
414,Naze,JP,2022-01-07 17:32:49,28.3667,129.4833,57.92,80,100,7.27
415,Margate,GB,2022-01-07 17:32:49,51.3813,1.3862,42.51,74,67,1.01
416,Kloulklubed,PW,2022-01-07 17:32:49,7.0419,134.2556,82.18,76,81,7.27
417,Saint-Louis,SN,2022-01-07 17:32:50,16.3333,-15.0,85.35,10,6,7.72
418,Padang,ID,2022-01-07 17:28:09,-0.9492,100.3543,77.05,87,100,3.98
419,Thenzawl,IN,2022-01-07 17:33:51,23.3167,92.75,51.94,70,6,2.75
420,Cayenne,GF,2022-01-07 17:30:06,4.9333,-52.3333,84.24,72,75,5.01
421,Rosario,AR,2022-01-07 17:29:14,-32.9468,-60.6393,92.95,36,75,4.0
422,Lavrentiya,RU,2022-01-07 17:33:51,65.5833,-171.0,1.42,82,29,9.4
423,Parola,IN,2022-01-07 17:33:52,20.8833,75.1167,73.71,57,48,11.63
424,Santo Estevao,BR,2022-01-07 17:29:54,-12.4303,-39.2514,88.5,50,100,2.44
425,La Rioja,ES,2022-01-07 17:33:52,42.25,-2.5,41.31,94,92,6.2
426,Bouca,CF,2022-01-07 17:33:52,6.5105,18.2733,82.98,21,27,1.97
427,Micomeseng,GQ,2022-01-07 17:33:53,2.1462,10.6164,73.42,90,94,5.37
428,Gigmoto,PH,2022-01-07 17:33:53,13.7796,124.39,75.94,87,35,7.56
429,Ofunato,JP,2022-01-07 17:33:54,39.0717,141.7167,28.15,80,16,7.07
430,Half Moon Bay,US,2022-01-07 17:33:54,37.4636,-122.4286,54.81,89,100,1.99
431,Nova Olimpia,BR,2022-01-07 17:33:55,-14.7972,-57.2881,86.16,70,49,4.05
432,Maceio,BR,2022-01-07 17:33:55,-9.6658,-35.7353,89.04,62,40,18.41
433,Ostrow Mazowiecka,PL,2022-01-07 17:33:56,52.8024,21.8951,30.61,71,97,10.09
434,Quatre Cocos,MU,2022-01-07 17:33:57,-20.2078,57.7625,78.1,87,100,5.82
435,Harper,LR,2022-01-07 17:33:57,4.375,-7.7169,81.75,75,58,9.42
436,Lampazos De Naranjo,MX,2022-01-07 17:31:01,27.0167,-100.5167,56.75,35,23,3.36
437,Camacha,PT,2022-01-07 17:33:57,33.0833,-16.3333,62.53,82,40,20.71
438,Souillac,MU,2022-01-07 17:33:58,-20.5167,57.5167,78.37,94,75,4.61
439,Novo Aripuana,BR,2022-01-07 17:33:58,-5.1206,-60.3797,82.31,74,100,2.66
440,Skuodas,LT,2022-01-07 17:33:59,56.2667,21.5333,37.26,92,100,7.29
441,Chernyshevskiy,RU,2022-01-07 17:33:59,63.0128,112.4714,-13.05,98,100,2.64
442,Chiredzi,ZW,2022-01-07 17:34:01,-21.05,31.6667,85.06,40,85,10.76
443,Mezen,RU,2022-01-07 17:34:01,65.8522,44.24,-3.24,99,94,1.83
444,Skjervoy,NO,2022-01-07 17:34:02,70.0311,20.9714,26.78,68,100,10.92
445,Brufut,GM,2022-01-07 17:34:02,13.3814,-16.7518,93.29,24,0,3.44
446,Ishigaki,JP,2022-01-07 17:34:03,24.3448,124.1572,68.72,78,100,20.02
447,Carndonagh,IE,2022-01-07 17:34:03,55.25,-7.2667,38.82,78,48,5.88
448,Buala,SB,2022-01-07 17:34:04,-8.145,159.5921,77.88,82,94,5.91
449,Kampene,CD,2022-01-07 17:34:04,-3.6,26.6667,71.4,96,78,1.74
450,Luau,AO,2022-01-07 17:34:05,-10.7073,22.2247,67.28,92,44,2.71
451,Paita,PE,2022-01-07 17:30:07,-5.0892,-81.1144,82.96,67,59,10.85
452,Coihaique,CL,2022-01-07 17:34:05,-45.5752,-72.0662,75.81,49,40,9.22
453,Ngunguru,NZ,2022-01-07 17:34:06,-35.6167,174.5,66.16,83,45,7.56
454,Ostersund,SE,2022-01-07 17:34:06,63.1792,14.6357,7.25,92,0,3.44
455,Aklavik,CA,2022-01-07 17:34:06,68.2191,-135.0107,-10.34,91,100,25.97
456,Port Lincoln,AU,2022-01-07 17:34:07,-34.7333,135.8667,61.03,71,100,10.58
457,Kaniama,CD,2022-01-07 17:34:07,-7.5667,24.1833,69.91,89,26,0.27
458,Soure,BR,2022-01-07 17:34:08,-0.7167,-48.5233,80.64,83,100,9.98
459,Dustlik,UZ,2022-01-07 17:34:08,40.5247,68.0358,41.63,67,96,5.1
460,Acarau,BR,2022-01-07 17:34:08,-2.8856,-40.12,86.4,61,44,16.89
461,Mnogovershinnyy,RU,2022-01-07 17:34:09,53.9353,139.9242,-5.15,95,99,4.47
462,Bubaque,GW,2022-01-07 17:34:09,11.2833,-15.8333,79.99,61,16,12.59
463,Bonthe,SL,2022-01-07 17:34:09,7.5264,-12.505,83.28,69,94,10.65
464,Lebu,CL,2022-01-07 17:34:10,-37.6167,-73.65,65.46,73,3,18.79
465,Sarangani,PH,2022-01-07 17:34:10,5.4033,125.4636,81.05,77,48,7.52
466,Mersing,MY,2022-01-07 17:35:10,2.4312,103.8405,80.51,83,88,9.22
467,Imeni Poliny Osipenko,RU,2022-01-07 17:35:11,52.4201,136.4853,-28.82,100,98,2.53
468,Tarata,BO,2022-01-07 17:35:11,-17.6167,-66.0167,76.42,41,43,6.08
469,Loja,EC,2022-01-07 17:32:56,-3.9931,-79.2042,76.41,32,20,13.8
470,Bushehr,IR,2022-01-07 17:35:12,28.9684,50.8385,60.89,72,0,4.61
471,Hofn,IS,2022-01-07 17:35:12,64.2539,-15.2082,28.42,80,75,3.44
472,Buraydah,SA,2022-01-07 17:35:13,26.326,43.975,57.65,38,43,7.0
473,Jaisalmer,IN,2022-01-07 17:35:13,26.9147,70.9181,53.49,73,39,6.64
474,Altay,CN,2022-01-07 17:35:13,47.8667,88.1167,19.22,69,97,5.44
475,Chokwe,MZ,2022-01-07 17:35:14,-24.5333,32.9833,77.38,69,73,10.85
476,Shitanjing,CN,2022-01-07 17:35:14,39.2342,106.3439,22.08,63,100,2.51
477,Aksarka,RU,2022-01-07 17:35:14,66.5606,67.7975,2.25,97,100,3.94
478,Chaplynka,UA,2022-01-07 17:35:15,46.3651,33.5403,32.58,72,2,6.78
479,Coihueco,CL,2022-01-07 17:35:15,-36.6167,-71.8333,88.54,33,0,9.22
480,San Quintin,MX,2022-01-07 17:35:15,30.4833,-115.95,62.02,67,0,4.23
481,Predivinsk,RU,2022-01-07 17:35:15,57.0669,93.4378,-16.91,100,43,2.91
482,Khambhat,IN,2022-01-07 17:35:16,22.3,72.6167,70.54,70,6,7.16
483,Ayagoz,KZ,2022-01-07 17:35:16,47.9714,80.4392,19.54,97,97,4.92
484,Mareeba,AU,2022-01-07 17:35:17,-17.0,145.4333,74.48,91,13,2.84
485,Kalianget,ID,2022-01-07 17:35:17,-7.05,113.9333,79.95,76,100,4.03
486,Warrington,GB,2022-01-07 17:35:17,53.3925,-2.5802,41.99,86,40,3.0
487,Kalevala,RU,2022-01-07 17:35:18,65.2,31.1667,17.94,91,100,8.08
488,Tecoanapa,MX,2022-01-07 17:35:18,16.5167,-98.75,84.24,63,72,5.55
489,Kuching,MY,2022-01-07 17:35:19,1.55,110.3333,73.62,100,40,4.61
490,Lom Sak,TH,2022-01-07 17:35:19,16.7798,101.2422,70.39,62,38,3.29
491,Olafsvik,IS,2022-01-07 17:35:19,64.8945,-23.7142,35.87,79,90,23.38
492,Tias,ES,2022-01-07 17:35:20,28.9611,-13.645,64.15,72,40,21.85
493,Nefteyugansk,RU,2022-01-07 17:35:20,61.0998,72.6035,25.05,90,100,20.27
494,Garowe,SO,2022-01-07 17:35:21,8.4054,48.4845,73.08,68,15,20.33
495,Srednekolymsk,RU,2022-01-07 17:35:21,67.45,153.6833,-3.44,99,100,5.86
496,Sola,VU,2022-01-07 17:35:21,-13.8833,167.55,81.59,72,100,4.38
497,Porto Novo,BJ,2022-01-07 17:35:22,6.4965,2.6036,85.82,71,25,9.22
498,Sambava,MG,2022-01-07 17:35:22,-14.2667,50.1667,74.07,94,100,6.49
499,Candido De Abreu,BR,2022-01-07 17:35:22,-24.5669,-51.3333,78.22,66,68,5.19
500,Zhigansk,RU,2022-01-07 17:32:39,66.7697,123.3711,-32.71,98,98,2.19
501,Saint-Denis,FR,2022-01-07 17:35:23,48.9167,2.3333,46.11,81,0,5.99
502,Bela,IN,2022-01-07 17:35:23,25.9333,81.9833,61.81,88,98,1.88
503,Kargat,RU,2022-01-07 17:31:21,55.1956,80.2811,6.46,96,40,8.81
504,Yantal,RU,2022-01-07 17:35:24,56.8471,105.2542,-10.71,100,100,2.39
505,Homer,US,2022-01-07 17:35:17,59.6425,-151.5483,12.07,66,0,0.0
506,East Liverpool,US,2022-01-07 17:35:24,40.6187,-80.5773,21.96,71,100,1.01
507,Sangar,RU,2022-01-07 17:35:25,63.9242,127.4739,-37.1,100,95,1.95
508,Mbanza-Ngungu,CD,2022-01-07 17:35:25,-5.25,14.8667,70.43,94,52,3.24
509,Maniitsoq,GL,2022-01-07 17:35:26,65.4167,-52.9,14.65,78,97,9.89
510,Ust-Nera,RU,2022-01-07 17:35:26,64.5667,143.2,-3.66,99,99,3.15
511,Aripuana,BR,2022-01-07 17:35:26,-9.1667,-60.6333,83.21,78,100,4.5
512,Haines Junction,CA,2022-01-07 17:35:27,60.7522,-137.5108,-22.77,100,98,0.78
513,Katangli,RU,2022-01-07 17:36:27,51.7102,143.2326,-0.2,95,100,15.39
514,Soubre,CI,2022-01-07 17:36:27,5.7856,-6.6083,85.41,55,95,7.23
515,Sao Joao Da Barra,BR,2022-01-07 17:36:28,-21.6403,-41.0511,80.69,92,100,6.78
516,Jumla,NP,2022-01-07 17:36:28,29.2747,82.1838,31.53,81,52,6.71
517,Cairns,AU,2022-01-07 17:32:17,-16.9167,145.7667,79.11,92,40,0.0
518,Lincoln,US,2022-01-07 17:32:37,40.8,-96.667,19.9,57,0,5.99
519,Mocuba,MZ,2022-01-07 17:36:29,-16.8392,36.9856,73.96,97,100,3.18
520,Nemuro,JP,2022-01-07 17:36:29,43.3236,145.575,22.73,73,84,11.39
521,Matay,EG,2022-01-07 17:36:30,28.419,30.7792,60.17,44,0,4.0
522,Praia Da Vitoria,PT,2022-01-07 17:36:30,38.7333,-27.0667,61.75,72,75,5.28
523,Vardo,NO,2022-01-07 17:36:30,70.3705,31.1107,17.8,73,0,9.22
524,Namibe,AO,2022-01-07 17:36:31,-15.1961,12.1522,71.22,75,47,5.64
525,Muncar,ID,2022-01-07 17:36:31,-8.4333,114.3333,75.25,88,88,2.91
526,Yumen,CN,2022-01-07 17:32:45,40.2833,97.2,23.31,45,94,7.9
527,Banihal,IN,2022-01-07 17:32:44,33.4167,75.2,39.43,96,100,3.38
528,Goderich,CA,2022-01-07 17:36:32,43.7501,-81.7165,19.9,82,100,18.92
529,Cunha,BR,2022-01-07 17:36:32,-23.0744,-44.9597,70.54,96,100,3.42
530,Suntar,RU,2022-01-07 17:34:42,62.1444,117.6319,-12.95,99,98,3.24
531,Atambua,ID,2022-01-07 17:36:33,-9.1061,124.8925,74.46,90,97,1.34
532,Gushikawa,JP,2022-01-07 17:36:33,26.3544,127.8686,63.63,94,100,5.75
533,Basco,PH,2022-01-07 17:36:33,20.4487,121.9702,73.04,84,97,17.18
534,Caborca,MX,2022-01-07 17:36:34,30.5838,-111.101,67.6,26,0,7.11
535,Wuhu,CN,2022-01-07 17:36:34,31.3366,118.3755,40.91,77,100,3.89
536,Taksimo,RU,2022-01-07 17:36:34,56.3444,114.8794,2.39,96,100,1.07
537,Tautira,PF,2022-01-07 17:36:35,-17.7333,-149.15,82.42,75,25,4.45
538,Kihei,US,2022-01-07 17:36:35,20.785,-156.4656,70.84,88,0,8.05
539,Trinidad,BO,2022-01-07 17:33:15,-14.8333,-64.9,91.38,66,20,3.44
540,Liuzhou,CN,2022-01-07 17:36:36,24.3126,109.3892,50.0,74,66,5.59
541,Khanu Woralaksaburi,TH,2022-01-07 17:36:36,16.0617,99.8606,78.84,49,55,3.06
542,Bodden Town,KY,2022-01-07 17:36:36,19.2833,-81.25,82.99,70,20,10.0
543,Destin,US,2022-01-07 17:33:49,30.3935,-86.4958,52.97,57,0,11.5
544,Almaznyy,RU,2022-01-07 17:36:37,48.0448,40.045,32.14,79,86,10.78
545,Palmer,US,2022-01-07 17:32:57,42.1584,-72.3287,32.65,75,100,1.01
546,Warren,US,2022-01-07 17:36:37,39.4334,-84.1666,19.27,70,0,1.99
547,Roald,NO,2022-01-07 17:36:38,62.5833,6.1333,39.34,56,75,13.8
548,Bathsheba,BB,2022-01-07 17:36:38,13.2167,-59.5167,84.81,58,20,21.85
549,Bachaquero,VE,2022-01-07 17:36:38,9.9694,-71.1494,85.69,57,32,8.41
550,Punta Alta,AR,2022-01-07 17:36:39,-38.8759,-62.0736,91.04,24,55,6.53
551,Ucluelet,CA,2022-01-07 17:36:20,48.9329,-125.5528,38.08,86,84,8.01
552,Vrable,SK,2022-01-07 17:36:39,48.2437,18.3085,31.69,65,1,5.23
553,Ruteng,ID,2022-01-07 17:36:40,-8.6136,120.4721,62.08,94,32,1.16
554,Mabaruma,GY,2022-01-07 17:36:40,8.2,-59.7833,82.44,63,78,8.52
555,Hobyo,SO,2022-01-07 17:36:41,5.3505,48.5268,78.87,75,41,15.73
556,Saint-Joseph,RE,2022-01-07 17:36:41,-21.3667,55.6167,77.38,82,100,2.08
557,Bagdarin,RU,2022-01-07 17:36:41,54.4333,113.6,1.76,95,100,4.5
558,Karpogory,RU,2022-01-07 17:37:42,64.0019,44.4451,5.07,97,100,2.8
559,Port Macquarie,AU,2022-01-07 17:37:42,-31.4333,152.9167,73.36,87,77,13.76
560,Shingu,JP,2022-01-07 17:37:42,33.7333,135.9833,33.91,77,50,6.93
561,Russell,US,2022-01-07 17:37:43,32.3502,-85.1999,46.06,53,0,6.91
562,Opuwo,NA,2022-01-07 17:37:43,-18.0607,13.84,81.16,21,89,11.9
563,Qasigiannguit,GL,2022-01-07 17:37:43,68.8193,-51.1922,17.85,89,100,5.32
564,Oussouye,SN,2022-01-07 17:37:44,12.485,-16.5469,98.78,28,2,11.77
565,Wittingen,DE,2022-01-07 17:37:44,52.7269,10.7361,38.68,100,100,9.4
566,Grootfontein,NA,2022-01-07 17:37:44,-19.5667,18.1167,79.18,43,95,3.98
567,Tashla,RU,2022-01-07 17:37:45,51.7716,52.7427,32.72,94,100,14.29
568,Nalut,LY,2022-01-07 17:37:45,30.3333,10.85,43.54,73,92,11.05
569,Maraa,BR,2022-01-07 17:37:46,-1.8333,-65.3667,90.5,51,98,0.47
570,Rocha,UY,2022-01-07 17:36:34,-34.4833,-54.3333,82.8,36,81,14.65
571,Kuvshinovo,RU,2022-01-07 17:37:46,57.0295,34.1725,15.46,87,100,12.53
572,Nepomuceno,BR,2022-01-07 17:37:46,-21.2358,-45.2358,68.36,94,99,4.16
